insert into address (id, street, city, state, zipcode) values (1, '1908 Ellinwood Rd.', 'Rosedale', 21, 21237)
insert into address (id, street, city, state, zipcode) values (2, '502 Circle Dr.', 'Zurich', 23, 54278)
insert into address (id, street, city, state, zipcode) values (3, "5 Ring Road Ct.", "Cleveland", 4, 11245);
insert into address (id, street, city, state, zipcode) values (4, "10023 Hillgreen Circle", "Houston", 35, 98557)
insert into address (id, street, city, state, zipcode) values (5, "2023 Edgewood Drive", "Montgomery", 22, 63636);
insert into address (id, street, city, state, zipcode) values (6, '1 Skyland Road', 'Montenegro', 12, 45789);
insert into address (id, street, city, state, zipcode) values (7, '7713 La Fayatte Rd', 'Charlston', 42, 12311);
insert into address (id, street, city, state, zipcode) values (8, "8 Opera Drive", "Houston", 10, 85123);
insert into address (id, street, city, state, zipcode) values (9, "101 Wichita Cir", "Wichita", 25, 57488);
insert into address (id, street, city, state, zipcode) values (10, "4545 Alameda Rd", "Baltimore", 26, 21577);
insert into address (id, street, city, state, zipcode) values (11, "12 George St", "Queens", 29, 98788);
insert into address (id, street, city, state, zipcode) values (12, '502 Circle Dr.', 'Zurich', 23, 54278)
insert into address (id, street, city, state, zipcode) values (13, "5 Ring Road Ct.", "Cleveland", 4, 11245);
insert into address (id, street, city, state, zipcode) values (14, "10023 Hillgreen Circle", "Houston", 35, 98557)
insert into address (id, street, city, state, zipcode) values (15, "2023 Edgewood Drive", "Montgomery", 22, 63636);
insert into address (id, street, city, state, zipcode) values (16, '1 Skyland Road', 'Montenegro', 12, 45789);
insert into address (id, street, city, state, zipcode) values (17, '7713 La Fayatte Rd', 'Charlston', 42, 12311);
insert into address (id, street, city, state, zipcode) values (18, "8 Opera Drive", "Houston", 10, 85123);
insert into address (id, street, city, state, zipcode) values (19, "101 Wichita Cir", "Wichita", 25, 57488);
insert into address (id, street, city, state, zipcode) values (20, "4545 Alameda Rd", "Baltimore", 26, 21577);
insert into address (id, street, city, state, zipcode) values (21, "12 George St", "Queens", 29, 98788);
insert into address (id, street, city, state, zipcode) values (22, '502 Circle Dr.', 'Zurich', 23, 54278)
insert into address (id, street, city, state, zipcode) values (23, "5 Ring Road Ct.", "Cleveland", 4, 11245);
insert into address (id, street, city, state, zipcode) values (24, "10023 Hillgreen Circle", "Houston", 35, 98557)
insert into address (id, street, city, state, zipcode) values (25, "2023 Edgewood Drive", "Montgomery", 22, 63636);
insert into address (id, street, city, state, zipcode) values (26, '1 Skyland Road', 'Montenegro', 12, 45789);
insert into address (id, street, city, state, zipcode) values (27, '7713 La Fayatte Rd', 'Charlston', 42, 12311);
insert into address (id, street, city, state, zipcode) values (28, "8 Opera Drive", "Houston", 10, 85123);
insert into address (id, street, city, state, zipcode) values (29, "101 Wichita Cir", "Wichita", 25, 57488);
insert into address (id, street, city, state, zipcode) values (30, "4545 Alameda Rd", "Baltimore", 26, 21577);
insert into address (id, street, city, state, zipcode) values (31, "12 George St", "Queens", 29, 98788);
insert into address (id, street, city, state, zipcode) values (32, '502 Circle Dr.', 'Zurich', 23, 54278)
insert into address (id, street, city, state, zipcode) values (33, "5 Ring Road Ct.", "Cleveland", 4, 11245);

insert into user(id, firstname, lastname, email, phone, addressid_fk, gender, birthdate, username, password, enabled) values (101, "Young", "Phillip", "yphillip@gmail.com", '123456789', 1, 1, '1986-02-02T00:00:00', "doctor", "$2a$10$aRwVeemUfr2bzos2G6cjeOi0VfMc8NWu9ckS7XAzgRlzh5PKDEcaK", 1);
insert into user(id, firstname, lastname, email, phone, addressid_fk, gender, birthdate, username, password, enabled) values (102, "Rachael", "Ray", "rray@gmail.com", '4432202731', 2, 2, '1966-07-12T00:00:00', "rachael", "$2a$10$aRwVeemUfr2bzos2G6cjeOi0VfMc8NWu9ckS7XAzgRlzh5PKDEcaK", 1);
insert into user(id, firstname, lastname, email, phone, addressid_fk, gender, birthdate, username, password, enabled) values (103, "Ralph", "Lauren", "rlauren@gmail.com", '443456789', 3, 1, '1979-11-22T00:00:00', "ralph", "$2a$10$aRwVeemUfr2bzos2G6cjeOi0VfMc8NWu9ckS7XAzgRlzh5PKDEcaK", 1);
insert into user(id, firstname, lastname, email, phone, addressid_fk, gender, birthdate, username, password, enabled) values (104, "Jessica", "White", "jwhite@gmail.com", '443456789', 4, 2, '1981-04-21T00:00:00', "jessica", "$2a$10$aRwVeemUfr2bzos2G6cjeOi0VfMc8NWu9ckS7XAzgRlzh5PKDEcaK", 1);
insert into user(id, firstname, lastname, email, phone, addressid_fk, gender, birthdate, username, password, enabled) values (105, "Tony", "Jones", "rray@gmail.com", '4432202731', 5, 2, '1966-07-12T00:00:00', "tony", "$2a$10$aRwVeemUfr2bzos2G6cjeOi0VfMc8NWu9ckS7XAzgRlzh5PKDEcaK", 1);
insert into user(id, firstname, lastname, email, phone, addressid_fk, gender, birthdate, username, password, enabled) values (106, "Katherine", "Wilson", "rlauren@gmail.com", '443456789', 6, 1, '1979-11-22T00:00:00', "katherine", "$2a$10$aRwVeemUfr2bzos2G6cjeOi0VfMc8NWu9ckS7XAzgRlzh5PKDEcaK", 1);
insert into user(id, firstname, lastname, email, phone, addressid_fk, gender, birthdate, username, password, enabled) values (107, "Jacob", "Brown", "jwhite@gmail.com", '443456789', 7, 2, '1981-04-21T00:00:00', "jacob", "$2a$10$aRwVeemUfr2bzos2G6cjeOi0VfMc8NWu9ckS7XAzgRlzh5PKDEcaK", 1);
insert into user(id, firstname, lastname, email, phone, addressid_fk, gender, birthdate, username, password, enabled) values (108, "Sonia", "Diaz", "sdiaz@gmail.com", '4432202731', 8, 2, '1966-07-12T00:00:00', "sonia", "$2a$10$aRwVeemUfr2bzos2G6cjeOi0VfMc8NWu9ckS7XAzgRlzh5PKDEcaK", 1);
insert into user(id, firstname, lastname, email, phone, addressid_fk, gender, birthdate, username, password, enabled) values (201, "Ashley", "Green", "agreen@gmail.com", '410456789', 9, 2, '1970-06-16T00:00:00', "patient", "$2a$10$aRwVeemUfr2bzos2G6cjeOi0VfMc8NWu9ckS7XAzgRlzh5PKDEcaK", 1);
insert into user(id, firstname, lastname, email, phone, addressid_fk, gender, birthdate, username, password, enabled) values (202, "Robbie", "Ray", "rray@gmail.com", '410456789', 10, 1, '1972-01-07T00:00:00', "robbie", "$2a$10$aRwVeemUfr2bzos2G6cjeOi0VfMc8NWu9ckS7XAzgRlzh5PKDEcaK", 1);
insert into user(id, firstname, lastname, email, phone, addressid_fk, gender, birthdate, username, password, enabled) values (203, "Juanita", "Elvarez", "jelvarez@gmail.com", '443456789', 11, 3, '1967-09-09T00:00:00', "juanita", "$2a$10$aRwVeemUfr2bzos2G6cjeOi0VfMc8NWu9ckS7XAzgRlzh5PKDEcaK", 1);
insert into user(id, firstname, lastname, email, phone, addressid_fk, gender, birthdate, username, password, enabled) values (204, "Katherine", "James", "kjames@gmail.com", '4435634211', 12, 2, '1989-11-10T00:00:00', "katherine1", "$2a$10$aRwVeemUfr2bzos2G6cjeOi0VfMc8NWu9ckS7XAzgRlzh5PKDEcaK", 1);
insert into user(id, firstname, lastname, email, phone, addressid_fk, gender, birthdate, username, password, enabled) values (205, "Monica", "Carter", "mcarter@gmail.com", '4102127866', 13, 2, '1975-12-27T00:00:00', "monica", "$2a$10$aRwVeemUfr2bzos2G6cjeOi0VfMc8NWu9ckS7XAzgRlzh5PKDEcaK", 1);
insert into user(id, firstname, lastname, email, phone, addressid_fk, gender, birthdate, username, password, enabled) values (206, "Martha", "Scott", "mscott@gmail.com", '4105676677', 14, 2, '1977-05-23T00:00:00', "martha", "$2a$10$aRwVeemUfr2bzos2G6cjeOi0VfMc8NWu9ckS7XAzgRlzh5PKDEcaK", 1);
insert into user(id, firstname, lastname, email, phone, addressid_fk, gender, birthdate, username, password, enabled) values (207, "Mandy", "Moore", "mmoore@gmail.com", '410456789', 15, 2, '1970-06-16T00:00:00', "mandy", "$2a$10$aRwVeemUfr2bzos2G6cjeOi0VfMc8NWu9ckS7XAzgRlzh5PKDEcaK", 1);
insert into user(id, firstname, lastname, email, phone, addressid_fk, gender, birthdate, username, password, enabled) values (208, "Paola", "Costa", "pcosta@gmail.com", '410456789', 16, 1, '1972-01-07T00:00:00', "paola", "$2a$10$aRwVeemUfr2bzos2G6cjeOi0VfMc8NWu9ckS7XAzgRlzh5PKDEcaK", 1);
insert into user(id, firstname, lastname, email, phone, addressid_fk, gender, birthdate, username, password, enabled) values (209, "Nancy", "Gomes", "ngomes@gmail.com", '443456789', 17, 3, '1967-09-09T00:00:00', "nancy", "$2a$10$aRwVeemUfr2bzos2G6cjeOi0VfMc8NWu9ckS7XAzgRlzh5PKDEcaK", 1);
insert into user(id, firstname, lastname, email, phone, addressid_fk, gender, birthdate, username, password, enabled) values (210, "Patricia", "Wilson", "pwilson@gmail.com", '4435634211', 18, 2, '1989-11-10T00:00:00', "patricia", "$2a$10$aRwVeemUfr2bzos2G6cjeOi0VfMc8NWu9ckS7XAzgRlzh5PKDEcaK", 1);
insert into user(id, firstname, lastname, email, phone, addressid_fk, gender, birthdate, username, password, enabled) values (211, "Rodney", "James", "rjames@gmail.com", '4102127866', 19, 2, '1975-12-27T00:00:00', "rodney", "$2a$10$aRwVeemUfr2bzos2G6cjeOi0VfMc8NWu9ckS7XAzgRlzh5PKDEcaK", 1);
insert into user(id, firstname, lastname, email, phone, addressid_fk, gender, birthdate, username, password, enabled) values (212, "Thomas", "Cooke", "tcooke@gmail.com", '4105676677', 20, 2, '1977-05-23T00:00:00', "thomas", "$2a$10$aRwVeemUfr2bzos2G6cjeOi0VfMc8NWu9ckS7XAzgRlzh5PKDEcaK", 1);
insert into user(id, firstname, lastname, email, phone, addressid_fk, gender, birthdate, username, password, enabled) values (213, "Bradley", "Cooper", "bcooper@gmail.com", '410456789', 21, 2, '1970-06-16T00:00:00', "bradley", "$2a$10$aRwVeemUfr2bzos2G6cjeOi0VfMc8NWu9ckS7XAzgRlzh5PKDEcaK", 1);
insert into user(id, firstname, lastname, email, phone, addressid_fk, gender, birthdate, username, password, enabled) values (214, "Chicharita", "Hernandez", "chernandez@gmail.com", '410456789', 22, 1, '1972-01-07T00:00:00', "chicharita", "$2a$10$aRwVeemUfr2bzos2G6cjeOi0VfMc8NWu9ckS7XAzgRlzh5PKDEcaK", 1);
insert into user(id, firstname, lastname, email, phone, addressid_fk, gender, birthdate, username, password, enabled) values (215, "Alicia", "Bordley", "abordley@gmail.com", '443456789', 23, 3, '1967-09-09T00:00:00', "alicia", "$2a$10$aRwVeemUfr2bzos2G6cjeOi0VfMc8NWu9ckS7XAzgRlzh5PKDEcaK", 1);
insert into user(id, firstname, lastname, email, phone, addressid_fk, gender, birthdate, username, password, enabled) values (216, "Jessica", "Gomez", "jgomez@gmail.com", '4435634211', 24, 2, '1989-11-10T00:00:00', "jessica1", "$2a$10$aRwVeemUfr2bzos2G6cjeOi0VfMc8NWu9ckS7XAzgRlzh5PKDEcaK", 1);
insert into user(id, firstname, lastname, email, phone, addressid_fk, gender, birthdate, username, password, enabled) values (217, "Rose", "White", "rwhite@gmail.com", '4102127866', 25, 2, '1975-12-27T00:00:00', "rose", "$2a$10$aRwVeemUfr2bzos2G6cjeOi0VfMc8NWu9ckS7XAzgRlzh5PKDEcaK", 1);
insert into user(id, firstname, lastname, email, phone, addressid_fk, gender, birthdate, username, password, enabled) values (218, "Padma", "Kharel", "pkharel@gmail.com", '4105676677', 26, 2, '1977-05-23T00:00:00', "padma", "$2a$10$aRwVeemUfr2bzos2G6cjeOi0VfMc8NWu9ckS7XAzgRlzh5PKDEcaK", 1);
insert into user(id, firstname, lastname, email, phone, addressid_fk, gender, birthdate, username, password, enabled) values (219, "Thomas", "Watson", "twatson@gmail.com", '410456789', 27, 2, '1970-06-16T00:00:00', "thomas1", "$2a$10$aRwVeemUfr2bzos2G6cjeOi0VfMc8NWu9ckS7XAzgRlzh5PKDEcaK", 1);
insert into user(id, firstname, lastname, email, phone, addressid_fk, gender, birthdate, username, password, enabled) values (220, "Mike", "White", "mwhite@gmail.com", '410456789', 28, 1, '1972-01-07T00:00:00', "mike", "$2a$10$aRwVeemUfr2bzos2G6cjeOi0VfMc8NWu9ckS7XAzgRlzh5PKDEcaK", 1);
insert into user(id, firstname, lastname, email, phone, addressid_fk, gender, birthdate, username, password, enabled) values (221, "Richard", "Gary", "rgary@gmail.com", '443456789', 29, 3, '1967-09-09T00:00:00', "richard", "$2a$10$aRwVeemUfr2bzos2G6cjeOi0VfMc8NWu9ckS7XAzgRlzh5PKDEcaK", 1);
insert into user(id, firstname, lastname, email, phone, addressid_fk, gender, birthdate, username, password, enabled) values (222, "Silvia", "Brooks", "sbrooks@gmail.com", '4435634211', 30, 2, '1989-11-10T00:00:00', "silvia", "$2a$10$aRwVeemUfr2bzos2G6cjeOi0VfMc8NWu9ckS7XAzgRlzh5PKDEcaK", 1);
insert into user(id, firstname, lastname, email, phone, addressid_fk, gender, birthdate, username, password, enabled) values (223, "Suzanne", "Roshan", "sroshan@gmail.com", '4102127866', 31, 2, '1975-12-27T00:00:00', "suzanne", "$2a$10$aRwVeemUfr2bzos2G6cjeOi0VfMc8NWu9ckS7XAzgRlzh5PKDEcaK", 1);
insert into user(id, firstname, lastname, email, phone, addressid_fk, gender, birthdate, username, password, enabled) values (224, "Kristina", "Scott", "kscott@gmail.com", '4105676677', 32, 2, '1977-05-23T00:00:00', "kristina", "$2a$10$aRwVeemUfr2bzos2G6cjeOi0VfMc8NWu9ckS7XAzgRlzh5PKDEcaK", 1);
insert into user(id, firstname, lastname, email, phone, addressid_fk, gender, birthdate, username, password, enabled) values (301, "Megan", "Young", "myoung@gmail.com", '4432236788', 33, 2, '1990-05-13T00:00:00', "admin", "$2a$10$aRwVeemUfr2bzos2G6cjeOi0VfMc8NWu9ckS7XAzgRlzh5PKDEcaK", 1);

insert into authority(id, role, userid_fk) values (1, 1, 101);
insert into authority(id, role, userid_fk) values (2, 1, 102);
insert into authority(id, role, userid_fk) values (3, 1, 103);
insert into authority(id, role, userid_fk) values (4, 1, 104);
insert into authority(id, role, userid_fk) values (5, 1, 105);
insert into authority(id, role, userid_fk) values (6, 1, 106);
insert into authority(id, role, userid_fk) values (7, 1, 107);
insert into authority(id, role, userid_fk) values (8, 1, 108);
insert into authority(id, role, userid_fk) values (9, 2, 201);
insert into authority(id, role, userid_fk) values (10, 2, 202);
insert into authority(id, role, userid_fk) values (11, 2, 203);
insert into authority(id, role, userid_fk) values (12, 2, 204);
insert into authority(id, role, userid_fk) values (13, 2, 205);
insert into authority(id, role, userid_fk) values (14, 2, 206);
insert into authority(id, role, userid_fk) values (15, 2, 207);
insert into authority(id, role, userid_fk) values (16, 2, 208);
insert into authority(id, role, userid_fk) values (17, 2, 209);
insert into authority(id, role, userid_fk) values (18, 2, 210);
insert into authority(id, role, userid_fk) values (19, 2, 211);
insert into authority(id, role, userid_fk) values (20, 2, 212);
insert into authority(id, role, userid_fk) values (21, 2, 213);
insert into authority(id, role, userid_fk) values (22, 2, 214);
insert into authority(id, role, userid_fk) values (23, 2, 215);
insert into authority(id, role, userid_fk) values (24, 2, 216);
insert into authority(id, role, userid_fk) values (25, 2, 217);
insert into authority(id, role, userid_fk) values (26, 2, 218);
insert into authority(id, role, userid_fk) values (27, 2, 219);
insert into authority(id, role, userid_fk) values (28, 2, 220);
insert into authority(id, role, userid_fk) values (29, 2, 221);
insert into authority(id, role, userid_fk) values (30, 2, 222);
insert into authority(id, role, userid_fk) values (31, 2, 223);
insert into authority(id, role, userid_fk) values (32, 2, 224);
insert into authority(id, role, userid_fk) values (33, 3, 301);

insert into doctor (id, category) values (101, 1);
insert into doctor (id, category) values (102, 2);
insert into doctor (id, category) values (103, 3);
insert into doctor (id, category) values (104, 1);
insert into doctor (id, category) values (105, 2);
insert into doctor (id, category) values (106, 4);
insert into doctor (id, category) values (107, 5);
insert into doctor (id, category) values (108, 3);


insert into degrees (doctor_id, degree) values (101, 1);
insert into degrees (doctor_id, degree) values (101, 9);
insert into degrees (doctor_id, degree) values (102, 2);
insert into degrees (doctor_id, degree) values (102, 5);
insert into degrees (doctor_id, degree) values (103, 3);
insert into degrees (doctor_id, degree) values (103, 9);
insert into degrees (doctor_id, degree) values (103, 7);
insert into degrees (doctor_id, degree) values (104, 1);
insert into degrees (doctor_id, degree) values (105, 1);
insert into degrees (doctor_id, degree) values (105, 9);
insert into degrees (doctor_id, degree) values (106, 2);
insert into degrees (doctor_id, degree) values (106, 5);
insert into degrees (doctor_id, degree) values (107, 3);
insert into degrees (doctor_id, degree) values (107, 9);
insert into degrees (doctor_id, degree) values (107, 7);
insert into degrees (doctor_id, degree) values (108, 1);

insert into rating (id, comments, points, doctorid_fk) values (1, "Best doctor!", 4, 101);
insert into rating (id, comments, points, doctorid_fk) values (2, "Worderful!", 5, 101);
insert into rating (id, comments, points, doctorid_fk) values (3, "One of the best.", 4, 101);
insert into rating (id, comments, points, doctorid_fk) values (4, "Awesome!", 4, 101);
insert into rating (id, comments, points, doctorid_fk) values (5, "Amazing experience", 5, 101);
insert into rating (id, comments, points, doctorid_fk) values (6, "Very humble and outmost patient care", 5, 102);
insert into rating (id, comments, points, doctorid_fk) values (7, "Average", 3, 102);
insert into rating (id, comments, points, doctorid_fk) values (8, "Good care!", 4, 102);
insert into rating (id, comments, points, doctorid_fk) values (9, "Best doctor!", 4, 102);
insert into rating (id, comments, points, doctorid_fk) values (10, "I highly reccommend.", 5, 103);
insert into rating (id, comments, points, doctorid_fk) values (11, "Best doctor!", 4, 103);
insert into rating (id, comments, points, doctorid_fk) values (12, "Worderful!", 5, 103);
insert into rating (id, comments, points, doctorid_fk) values (13, "One of the best.", 4, 104);
insert into rating (id, comments, points, doctorid_fk) values (14, "Awesome!", 4, 104);
insert into rating (id, comments, points, doctorid_fk) values (15, "Amazing experience", 5, 104);
insert into rating (id, comments, points, doctorid_fk) values (16, "Very humble and outmost patient care", 5, 105);
insert into rating (id, comments, points, doctorid_fk) values (17, "Average", 3, 105);
insert into rating (id, comments, points, doctorid_fk) values (18, "Good care!", 4, 105);
insert into rating (id, comments, points, doctorid_fk) values (19, "Best doctor!", 4, 106);
insert into rating (id, comments, points, doctorid_fk) values (20, "I highly reccommend.", 5, 106);
insert into rating (id, comments, points, doctorid_fk) values (21, "Best doctor!", 4, 106);
insert into rating (id, comments, points, doctorid_fk) values (22, "Worderful!", 5, 107);
insert into rating (id, comments, points, doctorid_fk) values (23, "One of the best.", 4, 107);
insert into rating (id, comments, points, doctorid_fk) values (24, "Awesome!", 4, 107);
insert into rating (id, comments, points, doctorid_fk) values (25, "Amazing experience", 5, 107);
insert into rating (id, comments, points, doctorid_fk) values (26, "Very humble and outmost patient care", 5, 108);
insert into rating (id, comments, points, doctorid_fk) values (27, "Average", 3, 108);
insert into rating (id, comments, points, doctorid_fk) values (28, "Good care!", 4, 108);
insert into rating (id, comments, points, doctorid_fk) values (29, "Best doctor!", 4, 108);
insert into rating (id, comments, points, doctorid_fk) values (30, "I highly reccommend.", 5, 108);

insert into patient (id, insurance) values (201, 1);
insert into patient (id, insurance) values (202, 2);
insert into patient (id, insurance) values (203, 3);
insert into patient (id, insurance) values (204, 4);
insert into patient (id, insurance) values (205, 5);
insert into patient (id, insurance) values (206, 2);
insert into patient (id, insurance) values (207, 1);
insert into patient (id, insurance) values (208, 2);
insert into patient (id, insurance) values (209, 3);
insert into patient (id, insurance) values (210, 4);
insert into patient (id, insurance) values (211, 5);
insert into patient (id, insurance) values (212, 2);
insert into patient (id, insurance) values (213, 1);
insert into patient (id, insurance) values (214, 2);
insert into patient (id, insurance) values (215, 3);
insert into patient (id, insurance) values (216, 4);
insert into patient (id, insurance) values (217, 5);
insert into patient (id, insurance) values (218, 2);
insert into patient (id, insurance) values (219, 1);
insert into patient (id, insurance) values (220, 2);
insert into patient (id, insurance) values (221, 3);
insert into patient (id, insurance) values (222, 4);
insert into patient (id, insurance) values (223, 5);
insert into patient (id, insurance) values (224, 2);

insert into admin (id) values (301);


insert into appointment_detail (id) values (1);
insert into appointment_detail (id, reason, treatment, prescription, note) values (2, "headache", "vital signs checkup", "Tylenol 500mg", "No follow up needed");
insert into appointment_detail (id) values (3); 
insert into appointment_detail (id, reason, treatment, prescription, note) values (4, "seisures", "CT scan", "Zyrtec 1000mg", "Follow up after 2 weeks");
insert into appointment_detail (id) values (5);
insert into appointment_detail (id) values (6); 
insert into appointment_detail (id) values (7);
insert into appointment_detail (id, reason, treatment, prescription, note) values (8, "migraine", "vital signs checkup, CT scan", "Tylenol 500mg", "No follow up needed");
insert into appointment_detail (id) values (9); 
insert into appointment_detail (id, reason, treatment, prescription, note) values (10, "arm fracture", "x-ray", "Tylenol 500mg", "Follow up in 4 weeks");
insert into appointment_detail (id) values (11);
insert into appointment_detail (id) values (12); 
insert into appointment_detail (id, reason, treatment, prescription, note) values (13, "pneumonia", "x-ray", "Arithomycin 500mg", "Follow up in 2 weeks");
insert into appointment_detail (id) values (14);
insert into appointment_detail (id, reason, treatment, prescription, note) values (15, "gastritis", "endoscopy", "prilosec", "Follow up in 1 weeks");
insert into appointment_detail (id, reason, treatment, prescription, note) values (16, "running nose and coughing", "vital signs checkup", "Zyrtec 500mg", "No follow up needed");
insert into appointment_detail (id) values (17); 
insert into appointment_detail (id, reason, treatment, prescription, note) values (18, "migraine", "vital signs checkup, CT scan", "Tylenol 500mg", "No follow up needed");
insert into appointment_detail (id) values (19);
insert into appointment_detail (id, reason, treatment, prescription, note) values (20, "running nose and coughing", "vital signs checkup", "Zyrtec 500mg", "No follow up needed");
insert into appointment_detail (id, reason, treatment, prescription, note) values (21, "asthma", "vital signs checked and treated w/nebulizer", "albuterol oral medicine", "Follow up in 2 weeks");
insert into appointment_detail (id) values (22); 
insert into appointment_detail (id, reason, treatment, prescription, note) values (23, "leg fracture", "x-ray", "Tylenol 500mg", "Follow up in 4 weeks");
insert into appointment_detail (id) values (24);
insert into appointment_detail (id, reason, treatment, prescription, note) values (25, "pneumonia", "x-ray", "Arithomycin 500mg", "Follow up in 2 weeks");
insert into appointment_detail (id) values (26); 
insert into appointment_detail (id, reason, treatment, prescription, note) values (27, "asthma", "vital signs checked and treated w/nebulizer", "albuterol oral medicine", "Follow up in 2 weeks");
insert into appointment_detail (id) values (28);
insert into appointment_detail (id) values (29); 
insert into appointment_detail (id) values (30);
insert into appointment_detail (id, reason, treatment, prescription, note) values (31, "gastritis", "endoscopy", "prilosec", "Follow up in 1 weeks");
insert into appointment_detail (id) values (32);
insert into appointment_detail (id, reason, treatment, prescription, note) values (33, "pneumonia", "x-ray", "Arithomycin 500mg", "Follow up in 2 weeks");
insert into appointment_detail (id) values (34); 
insert into appointment_detail (id) values (35); 
insert into appointment_detail (id) values (36);
insert into appointment_detail (id, reason, treatment, prescription, note) values (37, "seisures", "CT scan", "Zyrtec 1000mg", "Follow up after 2 weeks");
insert into appointment_detail (id) values (38); 
insert into appointment_detail (id) values (39);
insert into appointment_detail (id, reason, treatment, prescription, note) values (40, "running nose and coughing", "vital signs checkup", "Zyrtec 500mg", "No follow up needed");
insert into appointment_detail (id) values (41); 
insert into appointment_detail (id, reason, treatment, prescription, note) values (42, "leg fracture", "x-ray", "Tylenol 500mg", "Follow up in 2 weeks");
insert into appointment_detail (id) values (43);
insert into appointment_detail (id, reason, treatment, prescription, note) values (44, "pneumonia", "x-ray", "Arithomycin 500mg", "Follow up in 2 weeks");
insert into appointment_detail (id) values (45);
insert into appointment_detail (id, reason, treatment, prescription, note) values (46, "running nose and coughing", "vital signs checkup", "Zyrtec 500mg", "No follow up needed");
insert into appointment_detail (id, reason, treatment, prescription, note) values (47, "seisures", "CT scan", "Zyrtec 1000mg", "Follow up after 2 weeks");
insert into appointment_detail (id) values (48);
insert into appointment_detail (id) values (49);
insert into appointment_detail (id) values (50);
insert into appointment_detail (id) values (51); 
insert into appointment_detail (id, reason, treatment, prescription, note) values (52, "arm fracture", "x-ray", "Tylenol 500mg", "Follow up in 2 weeks");
insert into appointment_detail (id) values (53);
insert into appointment_detail (id, reason, treatment, prescription, note) values (54, "pneumonia", "x-ray", "Arithomycin 500mg", "n/a");
insert into appointment_detail (id) values (55);
insert into appointment_detail (id, reason, treatment, prescription, note) values (56, "gastritis", "endoscopy", "prilosec", "Follow up in 1 weeks");
insert into appointment_detail (id) values (57);
insert into appointment_detail (id, reason, treatment, prescription, note) values (58, "running nose and coughing", "vital signs checkup", "Zyrtec 500mg", "No follow up needed");
insert into appointment_detail (id) values (59); 
insert into appointment_detail (id) values (60); 

/* inserting string date from import.sql is same as inserting date value from SQL to the table. This value will be stored in the tables as it is. */
insert into appointment (id, starttime, endtime, status, doctorid_fk, patientid_fk, appointmentdetailid_fk) values (1, '2020-06-01 04:00:00', '2020-06-01T04:30:00', 1, 101, 201, 1);
insert into appointment (id, starttime, endtime, status, doctorid_fk, patientid_fk, appointmentdetailid_fk) values (3, '2020-06-01 06:30:00', '2020-06-01T07:00:00', 1, 101, 202, 3);
insert into appointment (id, starttime, endtime, status, doctorid_fk, patientid_fk, appointmentdetailid_fk) values (5, '2020-06-01 07:00:00', '2020-06-01T07:30:00', 1, 101, 203, 5);
insert into appointment (id, starttime, endtime, status, doctorid_fk, patientid_fk, appointmentdetailid_fk) values (6, '2020-06-01 10:30:00', '2020-06-01T11:00:00', 1, 101, 204, 6);
insert into appointment (id, starttime, endtime, status, doctorid_fk, patientid_fk, appointmentdetailid_fk) values (7, '2020-06-01 11:30:00', '2020-06-01T12:00:00', 1, 101, 205, 7);
insert into appointment (id, starttime, endtime, status, doctorid_fk, patientid_fk, appointmentdetailid_fk) values (9, '2020-06-01 12:30:00', '2020-06-01T13:00:00', 1, 101, 206, 9);
insert into appointment (id, starttime, endtime, status, doctorid_fk, patientid_fk, appointmentdetailid_fk) values (11, '2020-06-01 07:30:00', '2020-06-01T08:00:00', 1, 101, 207, 11);
insert into appointment (id, starttime, endtime, status, doctorid_fk, patientid_fk, appointmentdetailid_fk) values (12, '2020-06-01 09:00:00', '2020-06-01T09:30:00', 1, 101, 208, 12);
insert into appointment (id, starttime, endtime, status, doctorid_fk, patientid_fk, appointmentdetailid_fk) values (14, '2020-06-01 10:00:00', '2020-06-01T10:30:00', 1, 102, 209, 14);
insert into appointment (id, starttime, endtime, status, doctorid_fk, patientid_fk, appointmentdetailid_fk) values (17, '2020-06-01 04:30:00', '2020-06-01T05:00:00', 1, 102, 210, 17);
insert into appointment (id, starttime, endtime, status, doctorid_fk, patientid_fk, appointmentdetailid_fk) values (19, '2020-06-01 08:30:00', '2020-06-01T09:00:00', 1, 102, 211, 19);
insert into appointment (id, starttime, endtime, status, doctorid_fk, patientid_fk, appointmentdetailid_fk) values (22, '2020-06-01 05:30:00', '2020-06-01T06:00:00', 1, 102, 212, 22);
insert into appointment (id, starttime, endtime, status, doctorid_fk, patientid_fk, appointmentdetailid_fk) values (24, '2020-06-01T09:30:00', '2020-06-01T10:00:00', 1, 102, 213, 24);
insert into appointment (id, starttime, endtime, status, doctorid_fk, patientid_fk, appointmentdetailid_fk) values (26, '2020-06-01T05:00:00', '2020-06-01T05:30:00', 1, 102, 214, 26);
insert into appointment (id, starttime, endtime, status, doctorid_fk, patientid_fk, appointmentdetailid_fk) values (28, '2020-06-02T06:30:00', '2020-06-02T07:00:00', 1, 102, 215, 28);
insert into appointment (id, starttime, endtime, status, doctorid_fk, patientid_fk, appointmentdetailid_fk) values (29, '2020-06-02T10:30:00', '2020-06-02T11:00:00', 1, 103, 216, 29);
insert into appointment (id, starttime, endtime, status, doctorid_fk, patientid_fk, appointmentdetailid_fk) values (30, '2020-06-02T11:30:00', '2020-06-02T12:00:00', 1, 103, 217, 30);
insert into appointment (id, starttime, endtime, status, doctorid_fk, patientid_fk, appointmentdetailid_fk) values (32, '2020-06-02T12:30:00', '2020-06-02T13:00:00', 1, 103, 218, 32);
insert into appointment (id, starttime, endtime, status, doctorid_fk, patientid_fk, appointmentdetailid_fk) values (34, '2020-06-02T12:30:00', '2020-06-02T13:00:00', 1, 103, 219, 34);
insert into appointment (id, starttime, endtime, status, doctorid_fk, patientid_fk, appointmentdetailid_fk) values (35, '2020-06-02T09:00:00', '2020-06-02T09:30:00', 1, 103, 220, 35);
insert into appointment (id, starttime, endtime, status, doctorid_fk, patientid_fk, appointmentdetailid_fk) values (36, '2020-06-02T10:00:00', '2020-06-02T10:30:00', 1, 104, 221, 36);
insert into appointment (id, starttime, endtime, status, doctorid_fk, patientid_fk, appointmentdetailid_fk) values (38, '2020-06-02T04:30:00', '2020-06-02T05:00:00', 1, 104, 222, 38);
insert into appointment (id, starttime, endtime, status, doctorid_fk, patientid_fk, appointmentdetailid_fk) values (39, '2020-06-02T07:30:00', '2020-06-02T08:00:00', 1, 104, 223, 39);
insert into appointment (id, starttime, endtime, status, doctorid_fk, patientid_fk, appointmentdetailid_fk) values (41, '2020-06-02T05:30:00', '2020-06-02T06:00:00', 1, 105, 224, 41);
insert into appointment (id, starttime, endtime, status, doctorid_fk, patientid_fk, appointmentdetailid_fk) values (43, '2020-06-02T04:00:00', '2020-06-02T04:30:00', 1, 105, 201, 43);
insert into appointment (id, starttime, endtime, status, doctorid_fk, patientid_fk, appointmentdetailid_fk) values (45, '2020-06-02T06:30:00', '2020-06-02T07:00:00', 1, 105, 202, 45);
insert into appointment (id, starttime, endtime, status, doctorid_fk, patientid_fk, appointmentdetailid_fk) values (48, '2020-06-03T10:30:00', '2020-06-03T11:00:00', 1, 105, 203, 48);
insert into appointment (id, starttime, endtime, status, doctorid_fk, patientid_fk, appointmentdetailid_fk) values (49, '2020-06-03T11:30:00', '2020-06-03T12:00:00', 1, 105, 204, 49);
insert into appointment (id, starttime, endtime, status, doctorid_fk, patientid_fk, appointmentdetailid_fk) values (50, '2020-06-03T12:30:00', '2020-06-03T13:00:00', 1, 105, 205, 50);
insert into appointment (id, starttime, endtime, status, doctorid_fk, patientid_fk, appointmentdetailid_fk) values (51, '2020-06-03T04:30:00', '2020-06-03T05:00:00', 1, 106, 206, 51);
insert into appointment (id, starttime, endtime, status, doctorid_fk, patientid_fk, appointmentdetailid_fk) values (53, '2020-06-03T09:00:00', '2020-06-03T09:30:00', 1, 106, 207, 53);
insert into appointment (id, starttime, endtime, status, doctorid_fk, patientid_fk, appointmentdetailid_fk) values (55, '2020-06-03T10:00:00', '2020-06-03T10:30:00', 1, 106, 208, 55);
insert into appointment (id, starttime, endtime, status, doctorid_fk, patientid_fk, appointmentdetailid_fk) values (57, '2020-06-03T04:30:00', '2020-06-03T05:00:00', 1, 106, 209, 57);
insert into appointment (id, starttime, endtime, status, doctorid_fk, patientid_fk, appointmentdetailid_fk) values (59, '2020-06-03T07:30:00', '2020-06-03T08:00:00', 1, 107, 210, 59);
insert into appointment (id, starttime, endtime, status, doctorid_fk, patientid_fk, appointmentdetailid_fk) values (60, '2020-06-03T05:30:00', '2020-06-03T06:00:00', 1, 107, 211, 60);

/* status=COMPLETED */
insert into appointment (id, starttime, endtime, status, doctorid_fk, patientid_fk, appointmentdetailid_fk) values (2, '2020-05-01 04:00:00', '2020-05-01T04:30:00', 3, 101, 201, 2);
insert into appointment (id, starttime, endtime, status, doctorid_fk, patientid_fk, appointmentdetailid_fk) values (4, '2020-05-01 06:30:00', '2020-05-01T07:00:00', 3, 101, 202, 4);
insert into appointment (id, starttime, endtime, status, doctorid_fk, patientid_fk, appointmentdetailid_fk) values (8, '2020-03-11 10:30:00', '2020-03-11T11:00:00', 3, 101, 203, 8);
insert into appointment (id, starttime, endtime, status, doctorid_fk, patientid_fk, appointmentdetailid_fk) values (10, '2020-05-01 11:30:00', '2020-05-01T12:00:00', 3, 101, 204, 10);
insert into appointment (id, starttime, endtime, status, doctorid_fk, patientid_fk, appointmentdetailid_fk) values (13, '2020-04-21 12:30:00', '2020-04-21T13:00:00', 3, 101, 205, 13);
insert into appointment (id, starttime, endtime, status, doctorid_fk, patientid_fk, appointmentdetailid_fk) values (15, '2020-05-01 09:00:00', '2020-05-01T09:30:00', 3, 101, 206, 15);
insert into appointment (id, starttime, endtime, status, doctorid_fk, patientid_fk, appointmentdetailid_fk) values (16, '2020-04-09 10:00:00', '2020-04-09T10:30:00', 3, 101, 207, 16);
insert into appointment (id, starttime, endtime, status, doctorid_fk, patientid_fk, appointmentdetailid_fk) values (18, '2020-05-01 10:00:00', '2020-05-01T10:30:00', 3, 101, 208, 18);
insert into appointment (id, starttime, endtime, status, doctorid_fk, patientid_fk, appointmentdetailid_fk) values (20, '2020-04-01 04:30:00', '2020-04-01T05:00:00', 3, 101, 209, 20);
insert into appointment (id, starttime, endtime, status, doctorid_fk, patientid_fk, appointmentdetailid_fk) values (21, '2020-04-17 07:30:00', '2020-04-17T08:00:00', 3, 101, 210, 21);
insert into appointment (id, starttime, endtime, status, doctorid_fk, patientid_fk, appointmentdetailid_fk) values (23, '2020-04-01 05:30:00', '2020-04-01T06:00:00', 3, 101, 211, 23);
insert into appointment (id, starttime, endtime, status, doctorid_fk, patientid_fk, appointmentdetailid_fk) values (25, '2020-05-03 04:00:00', '2020-05-03T04:30:00', 3, 102, 212, 25);
insert into appointment (id, starttime, endtime, status, doctorid_fk, patientid_fk, appointmentdetailid_fk) values (27, '2020-05-01 06:30:00', '2020-05-01T07:00:00', 3, 102, 213, 27);
insert into appointment (id, starttime, endtime, status, doctorid_fk, patientid_fk, appointmentdetailid_fk) values (31, '2020-03-11 10:30:00', '2020-03-11T11:00:00', 3, 102, 214, 31);
insert into appointment (id, starttime, endtime, status, doctorid_fk, patientid_fk, appointmentdetailid_fk) values (33, '2020-05-01T11:30:00', '2020-05-01T12:00:00', 3, 102, 215, 33);
insert into appointment (id, starttime, endtime, status, doctorid_fk, patientid_fk, appointmentdetailid_fk) values (37, '2020-05-01T12:30:00', '2020-05-01T13:00:00', 3, 103, 216, 37);
insert into appointment (id, starttime, endtime, status, doctorid_fk, patientid_fk, appointmentdetailid_fk) values (40, '2020-05-01T09:00:00', '2020-05-01T09:30:00', 3, 103, 217, 40);
insert into appointment (id, starttime, endtime, status, doctorid_fk, patientid_fk, appointmentdetailid_fk) values (42, '2020-05-01T10:00:00', '2020-05-01T10:30:00', 3, 103, 218, 42);
insert into appointment (id, starttime, endtime, status, doctorid_fk, patientid_fk, appointmentdetailid_fk) values (44, '2020-05-01T04:30:00', '2020-05-01T05:00:00', 3, 104, 219, 44);
insert into appointment (id, starttime, endtime, status, doctorid_fk, patientid_fk, appointmentdetailid_fk) values (46, '2020-05-01T07:30:00', '2020-05-01T08:00:00', 3, 104, 220, 46);
insert into appointment (id, starttime, endtime, status, doctorid_fk, patientid_fk, appointmentdetailid_fk) values (47, '2020-05-01T05:30:00', '2020-05-01T06:00:00', 3, 104, 221, 47);
insert into appointment (id, starttime, endtime, status, doctorid_fk, patientid_fk, appointmentdetailid_fk) values (52, '2020-04-01T04:00:00', '2020-04-01T04:30:00', 3, 105, 222, 52);
insert into appointment (id, starttime, endtime, status, doctorid_fk, patientid_fk, appointmentdetailid_fk) values (54, '2020-04-01T06:30:00', '2020-04-01T07:00:00', 3, 105, 223, 54);
insert into appointment (id, starttime, endtime, status, doctorid_fk, patientid_fk, appointmentdetailid_fk) values (56, '2020-04-01T10:30:00', '2020-04-01T11:00:00', 3, 105, 224, 56);
insert into appointment (id, starttime, endtime, status, doctorid_fk, patientid_fk, appointmentdetailid_fk) values (58, '2020-04-01T11:30:00', '2020-04-01T12:00:00', 3, 106, 201, 58);

insert into feedback (id, date, message) values (1, '2020-05-02T11:00:00', 'Something I really appreciate about you is your aptitude for problem solving in a proactive way.');
insert into feedback (id, date, message) values (2, '2020-04-03T18:00:00', 'I think you did a great job when you ran the all hands meeting. It showed that you are capable of getting people to work together and communicate effectively. I admire your communication skills.'); 
insert into feedback (id, date, message) values (3, '2020-03-04T14:00:00', 'One of your most impactful moments were the insights you gleaned based on Project X. It showed the power of user testing in shaping a feature roadmap and increases the likelihood that we satisfy and delight our users. I’d love to see you do more of this.');
insert into feedback (id, date, message) values (4, '2020-05-01T12:00:00', 'I really think you have a superpower around making new hires feel welcome.');
insert into feedback (id, date, message) values (5, '2020-05-04T19:00:00', 'One of the things I admire about you is your ability to manage a team remotely.');
insert into feedback (id, date, message) values (6, '2020-04-17T15:00:00', 'I can see you’re having a positive impact in your new office, people seem happy.');
insert into feedback (id, date, message) values (7, '2020-04-22T10:00:00', 'I really think you have a superpower around making new hires feel welcome.');
insert into feedback (id, date, message) values (8, '2020-03-12T16:00:00', 'One of the things I admire about you is your ability to manage a team remotely. One of the things I admire about you is your ability to manage a team remotely. It showed the power of user testing in shaping a feature roadmap.');
insert into feedback (id, date, message) values (9, '2020-03-02T11:00:00', 'Something I really appreciate about you is your aptitude for problem solving in a proactive way.');
insert into feedback (id, date, message) values (10, '2020-03-03T18:00:00', 'I think you did a great job when you ran the all hands meeting. It showed that you are capable of getting people to work together and communicate effectively. I admire your communication skills.'); 
insert into feedback (id, date, message) values (11, '2020-02-04T14:00:00', 'One of your most impactful moments were the insights you gleaned based on Project X. It showed the power of user testing in shaping a feature roadmap and increases the likelihood that we satisfy and delight our users. I’d love to see you do more of this.');
insert into feedback (id, date, message) values (12, '2020-05-01T12:00:00', 'I really think you have a superpower around making new hires feel welcome.');
insert into feedback (id, date, message) values (13, '2020-04-14T19:00:00', 'One of the things I admire about you is your ability to manage a team remotely.');
insert into feedback (id, date, message) values (14, '2020-05-02T11:00:00', 'Something I really appreciate about you is your aptitude for problem solving in a proactive way.');
insert into feedback (id, date, message) values (15, '2020-04-23T18:00:00', 'I think you did a great job when you ran the all hands meeting. It showed that you are capable of getting people to work together and communicate effectively. I admire your communication skills.'); 
insert into feedback (id, date, message) values (16, '2020-04-11T14:00:00', 'One of your most impactful moments were the insights you gleaned based on Project X. It showed the power of user testing in shaping a feature roadmap and increases the likelihood that we satisfy and delight our users. I’d love to see you do more of this.');
insert into feedback (id, date, message) values (17, '2020-05-01T12:00:00', 'I really think you have a superpower around making new hires feel welcome.');
insert into feedback (id, date, message) values (18, '2020-04-30T19:00:00', 'One of the things I admire about you is your ability to manage a team remotely.');
insert into feedback (id, date, message) values (19, '2020-03-02T11:00:00', 'Something I really appreciate about you is your aptitude for problem solving in a proactive way.');
insert into feedback (id, date, message) values (20, '2020-04-03T18:00:00', 'I think you did a great job when you ran the all hands meeting. It showed that you are capable of getting people to work together and communicate effectively. I admire your communication skills.'); 
insert into feedback (id, date, message) values (21, '2020-03-02T11:00:00', 'Something I really appreciate about you is your aptitude for problem solving in a proactive way.');
insert into feedback (id, date, message) values (22, '2020-04-03T18:00:00', 'I think you did a great job when you ran the all hands meeting. It showed that you are capable of getting people to work together and communicate effectively. I admire your communication skills.'); 
insert into feedback (id, date, message) values (23, '2020-04-04T14:00:00', 'One of your most impactful moments were the insights you gleaned based on Project X. It showed the power of user testing in shaping a feature roadmap and increases the likelihood that we satisfy and delight our users. I’d love to see you do more of this.');
insert into feedback (id, date, message) values (24, '2020-04-01T12:00:00', 'I really think you have a superpower around making new hires feel welcome.');
insert into feedback (id, date, message) values (25, '2020-04-04T19:00:00', 'One of the things I admire about you is your ability to manage a team remotely.');
insert into feedback (id, date, message) values (26, '2020-03-17T15:00:00', 'I can see you’re having a positive impact in your new office, people seem happy.');
insert into feedback (id, date, message) values (27, '2020-04-22T10:00:00', 'I really think you have a superpower around making new hires feel welcome.');
insert into feedback (id, date, message) values (28, '2020-03-12T16:00:00', 'One of the things I admire about you is your ability to manage a team remotely. One of the things I admire about you is your ability to manage a team remotely. It showed the power of user testing in shaping a feature roadmap.');
insert into feedback (id, date, message) values (29, '2020-03-02T11:00:00', 'Something I really appreciate about you is your aptitude for problem solving in a proactive way.');
insert into feedback (id, date, message) values (30, '2020-04-13T18:00:00', 'I think you did a great job when you ran the all hands meeting. It showed that you are capable of getting people to work together and communicate effectively. I admire your communication skills.'); 
insert into feedback (id, date, message) values (31, '2020-02-04T14:00:00', 'One of your most impactful moments were the insights you gleaned based on Project X. It showed the power of user testing in shaping a feature roadmap and increases the likelihood that we satisfy and delight our users. I’d love to see you do more of this.');
insert into feedback (id, date, message) values (32, '2020-05-01T12:00:00', 'I really think you have a superpower around making new hires feel welcome.');
insert into feedback (id, date, message) values (33, '2020-04-14T19:00:00', 'One of the things I admire about you is your ability to manage a team remotely.');
insert into feedback (id, date, message) values (34, '2020-02-02T11:00:00', 'Something I really appreciate about you is your aptitude for problem solving in a proactive way.');
insert into feedback (id, date, message) values (35, '2020-05-03T18:00:00', 'I think you did a great job when you ran the all hands meeting. It showed that you are capable of getting people to work together and communicate effectively. I admire your communication skills.'); 
insert into feedback (id, date, message) values (36, '2020-03-04T14:00:00', 'One of your most impactful moments were the insights you gleaned based on Project X. It showed the power of user testing in shaping a feature roadmap and increases the likelihood that we satisfy and delight our users. I’d love to see you do more of this.');
insert into feedback (id, date, message) values (37, '2020-02-01T12:00:00', 'I really think you have a superpower around making new hires feel welcome.');
insert into feedback (id, date, message) values (38, '2020-04-30T19:00:00', 'One of the things I admire about you is your ability to manage a team remotely.');